id,pid,hsn_code,Desc,Unit,Owner
9,11,123456,"3.6mm lens, 72 degree coverage",1,2
2,132,1234568,Test Description,2,2
3,95,98766,This is a test description,3,4
179,37,,,177,2
178,74,,,176,2
10,12,,,8,2
76,55,,,74,2
223,133,,,221,2
13,134,,,11,2
182,34,,,180,2
184,36,,,182,2
86,24,,,84,2
25,135,,,23,2
134,136,,,132,2
159,28,,,157,2
36,138,,,34,2
37,139,,,35,2
28,140,,,26,2
58,17,,,56,2
68,14,,,66,2
41,146,,,39,2
100,149,,,98,2
49,143,,,47,2
44,144,,,42,2
45,142,,,43,2
92,147,,,90,2
93,148,,,91,2
99,76,,,97,2
160,27,,,158,2
53,65,,,51,2
54,38,,,52,2
55,40,,,53,2
202,48,,,200,2
57,150,,,55,2
64,19,,,62,2
189,16,,,187,2
62,15,,,60,2
190,20,,,188,2
66,23,,,64,2
188,21,,,186,2
106,22,,,104,2
75,56,,,73,2
183,35,,,181,2
81,25,,,79,2
82,54,,,80,2
83,99,,,81,2
84,67,,,82,2
95,43,,,93,2
96,83,,,94,2
97,44,,,95,2
101,151,,,99,2
102,66,,,100,2
105,152,,,103,2
104,153,,,102,2
107,154,,,105,2
109,155,,,107,2
110,157,,,108,2
111,158,,,109,2
114,160,,,112,2
115,161,,,113,2
116,162,,,114,2
145,163,,,143,2
139,164,,,137,2
140,165,,,138,2
138,166,,,136,2
123,167,,,121,2
143,168,,,141,2
144,169,,,142,2
146,170,,,144,2
147,171,,,145,2
148,172,,,146,2
149,174,,,147,2
150,175,,,148,2
151,176,,,149,2
152,42,,,150,2
153,187,,,151,2
154,188,,,152,2
155,194,,,153,2
156,195,,,154,2
157,197,,,155,2
158,198,,,156,2
161,199,,,159,2
162,206,,,160,2
163,210,,,161,2
166,212,,,164,2
165,213,,,163,2
167,214,,,165,2
168,215,,,166,2
170,216,,,168,2
173,201,,,171,2
180,217,,,178,2
181,218,,,179,2
185,220,,,183,2
191,221,,,189,2
198,222,,,196,2
208,223,,,206,2
199,224,,,197,2
196,225,,,194,2
203,226,,,201,2
204,227,,,202,2
205,228,,,203,2
206,229,,,204,2
207,230,,,205,2
211,123,,,209,2
210,121,,,208,2
213,122,,,211,2
216,231,,,214,2
215,232,,,213,2
218,233,,,216,2
220,234,,,218,2
224,235,,,222,2
225,236,,,223,2